date,sum_unit_sales
2013-01-01,2511.6190000000006
2013-01-02,5316.224000000001
2013-01-03,4442.913
2013-01-04,4844.353999999998
2013-01-05,5817.525999999998
2013-01-06,3201.6949999999997
2013-01-07,2783.978
2013-01-08,2884.284
2013-01-09,3565.6389999999997
2013-01-10,2673.9339999999984
2013-01-11,4794.148
2013-01-12,7036.223
2013-01-13,3174.2039999999997
2013-01-14,3156.056
2013-01-15,3005.576
2013-01-16,3854.7
2013-01-17,2616.9039999999995
2013-01-18,5695.545999999999
2013-01-19,7456.022
2013-01-20,3495.272
2013-01-21,3768.0269999999996
2013-01-22,3270.9780000000005
2013-01-23,4528.585
2013-01-24,3562.1410000000005
2013-01-25,5698.590999999999
2013-01-26,8207.192000000001
2013-01-27,3442.038
2013-01-28,3278.2160000000003
2013-01-29,3554.6330000000003
2013-01-30,4302.477
2013-01-31,4252.359
2013-02-01,8838.678000000004
2013-02-02,11254.187
2013-02-03,4976.0380000000005
2013-02-04,5595.269000000002
2013-02-05,5461.598999999998
2013-02-06,6872.320999999999
2013-02-07,8393.608999999999
2013-02-08,14792.442000000001
2013-02-09,20156.067999999996
2013-02-10,15694.586999999998
2013-02-11,11427.28
2013-02-12,5718.611999999998
2013-02-13,6962.627999999998
2013-02-14,5710.147999999999
2013-02-15,5510.283999999999
2013-02-16,4179.728000000001
2013-02-17,2351.022
2013-02-18,3744.7689999999993
2013-02-19,3655.2929999999988
2013-02-20,5058.981000000001
2013-02-21,4877.913999999998
2013-02-22,7908.112999999999
2013-02-23,9369.983999999999
2013-02-24,4382.753999999999
2013-02-25,4731.991
2013-02-26,3999.8729999999996
2013-02-27,5160.5599999999995
2013-02-28,4670.3949999999995
2013-03-01,9173.271999999999
2013-03-02,11127.400999999998
2013-03-03,4912.932000000001
2013-03-04,5195.928999999999
2013-03-05,4605.677
2013-03-06,5010.357000000001
2013-03-07,4855.476999999999
2013-03-08,9579.059999999998
2013-03-09,9747.019
2013-03-10,5209.913
2013-03-11,4855.208000000001
2013-03-12,3891.047
2013-03-13,5358.887999999999
2013-03-14,4921.765
2013-03-15,7932.628000000004
2013-03-16,10488.737
2013-03-17,4317.67
2013-03-18,5600.988000000002
2013-03-19,3790.851000000001
2013-03-20,5959.536000000002
2013-03-21,4534.943000000001
2013-03-22,9140.690999999997
2013-03-23,10285.297
2013-03-24,4732.697000000001
2013-03-25,5801.228000000002
2013-03-26,4979.403999999999
2013-03-27,7145.5289999999995
2013-03-28,12275.946000000002
2013-03-29,14962.0
2013-03-30,10498.222999999998
2013-03-31,4269.722000000001
2013-04-01,4506.7880000000005
2013-04-02,4323.853000000001
2013-04-03,5297.348999999999
2013-04-04,4633.3899999999985
2013-04-05,7872.668
2013-04-06,9596.541000000001
2013-04-07,4466.978000000001
2013-04-08,4061.2219999999998
2013-04-09,3958.273000000001
2013-04-10,4288.012
2013-04-11,4106.386999999999
2013-04-12,7078.440000000002
2013-04-13,7977.427999999999
2013-04-14,3592.7349999999988
2013-04-15,3571.0210000000006
2013-04-16,3380.2490000000003
2013-04-17,3979.7640000000006
2013-04-18,3318.3190000000004
2013-04-19,5760.6320000000005
2013-04-20,7496.614000000002
2013-04-21,3523.2000000000007
2013-04-22,3160.7820000000006
2013-04-23,2856.016
2013-04-24,3647.3739999999993
2013-04-25,2794.5509999999995
2013-04-26,5685.798999999999
2013-04-27,6426.166
2013-04-28,3257.783000000001
2013-04-29,3161.467
2013-04-30,2920.941999999999
2013-05-01,4716.944
2013-05-02,3323.522000000001
2013-05-03,3944.7540000000004
2013-05-04,5608.393000000003
2013-05-05,3385.116
2013-05-06,2963.995000000001
2013-05-07,2596.339
2013-05-08,3021.6740000000004
2013-05-09,3221.8430000000003
2013-05-10,3331.7470000000008
2013-05-11,3879.3200000000015
2013-05-12,2817.073999999999
2013-05-13,2317.74
2013-05-14,2266.8419999999996
2013-05-15,2980.7850000000003
2013-05-16,2365.9960000000005
2013-05-17,3534.431
2013-05-18,4677.0520000000015
2013-05-19,2611.1470000000004
2013-05-20,2491.5129999999995
2013-05-21,2370.492000000001
2013-05-22,3206.404000000001
2013-05-23,4145.959
2013-05-24,11260.543999999998
2013-05-25,6176.245
2013-05-26,3064.307
2013-05-27,2319.898
2013-05-28,2137.54
2013-05-29,2799.649
2013-05-30,2502.3929999999996
2013-05-31,2821.9020000000005
2013-06-01,4460.978000000001
2013-06-02,3319.189
2013-06-03,2692.4489999999996
2013-06-04,2722.2779999999993
2013-06-05,2988.731
2013-06-06,2233.7649999999994
2013-06-07,3677.25
2013-06-08,3716.419
2013-06-09,2581.742
2013-06-10,2464.0119999999997
2013-06-11,2268.2999999999997
2013-06-12,3162.147
2013-06-13,2479.4100000000003
2013-06-14,3153.0450000000005
2013-06-15,4200.737999999999
2013-06-16,2544.4179999999997
2013-06-17,2416.0570000000002
2013-06-18,2817.284
2013-06-19,2929.065000000001
2013-06-20,2128.121
2013-06-21,3870.3650000000002
2013-06-22,4352.028999999999
2013-06-23,3180.7760000000003
2013-06-24,2443.138
2013-06-25,2334.683
2013-06-26,2301.3259999999996
2013-06-27,2257.4510000000005
2013-06-28,3839.6069999999995
2013-06-29,4460.955
2013-06-30,3202.619
2013-07-01,2926.8770000000013
2013-07-02,2602.2529999999997
2013-07-03,3299.296
2013-07-04,2596.3860000000004
2013-07-05,3422.187
2013-07-06,4749.149
2013-07-07,2968.9769999999994
2013-07-08,2266.715
2013-07-09,2674.6459999999997
2013-07-10,2904.724999999999
2013-07-11,2497.652000000001
2013-07-12,3272.1380000000004
2013-07-13,4604.048000000002
2013-07-14,2946.015
2013-07-15,2940.908000000001
2013-07-16,2521.120000000001
2013-07-17,3416.9019999999996
2013-07-18,2800.827999999999
2013-07-19,3691.0679999999998
2013-07-20,4673.477000000001
2013-07-21,3491.5899999999997
2013-07-22,2785.432
2013-07-23,3057.499
2013-07-24,3320.078
2013-07-25,3305.0039999999995
2013-07-26,4044.504
2013-07-27,4646.434000000001
2013-07-28,3165.4880000000003
2013-07-29,3041.216
2013-07-30,3206.8399999999997
2013-07-31,3370.9570000000003
2013-08-01,3341.3340000000003
2013-08-02,4567.455
2013-08-03,5235.570000000001
2013-08-04,3914.904
2013-08-05,3541.3029999999994
2013-08-06,3422.2160000000003
2013-08-07,3798.5699999999997
2013-08-08,3670.138000000001
2013-08-09,4780.697999999999
2013-08-10,6571.4
2013-08-11,3877.5319999999992
2013-08-12,3756.966000000001
2013-08-13,3202.989000000001
2013-08-14,3821.8859999999995
2013-08-15,3292.989
2013-08-16,4417.412000000002
2013-08-17,5446.263000000001
2013-08-18,3831.866000000002
2013-08-19,3381.32
2013-08-20,3155.829
2013-08-21,3588.353999999999
2013-08-22,3324.1230000000005
2013-08-23,4301.646000000001
2013-08-24,4900.746000000001
2013-08-25,3648.1450000000004
2013-08-26,2910.119
2013-08-27,2831.1339999999996
2013-08-28,2959.8650000000002
2013-08-29,2932.2679999999996
2013-08-30,4644.845
2013-08-31,4972.7210000000005
2013-09-01,3361.8570000000004
2013-09-02,2912.8479999999995
2013-09-03,2803.1469999999995
2013-09-04,3065.638000000001
2013-09-05,2603.7669999999994
2013-09-06,3572.5119999999993
2013-09-07,4239.369999999999
2013-09-08,3104.827
2013-09-09,2493.387999999999
2013-09-10,2670.2300000000005
2013-09-11,2696.2840000000006
2013-09-12,2000.4390000000005
2013-09-13,3296.971
2013-09-14,4233.5650000000005
2013-09-15,2957.1770000000006
2013-09-16,2834.430999999999
2013-09-17,2540.3540000000007
2013-09-18,2831.1320000000005
2013-09-19,2504.1549999999997
2013-09-20,3880.8650000000007
2013-09-21,4063.3010000000004
2013-09-22,2641.354
2013-09-23,3079.9639999999995
2013-09-24,2188.229
2013-09-25,2844.601
2013-09-26,2167.411
2013-09-27,3062.181
2013-09-28,4849.620999999999
2013-09-29,3271.3109999999992
2013-09-30,3124.478
2013-10-01,3711.7740000000003
2013-10-02,3761.027000000001
2013-10-03,3212.701
2013-10-04,5110.684
2013-10-05,6113.841000000002
2013-10-06,3419.5819999999994
2013-10-07,3811.215
2013-10-08,3818.5680000000007
2013-10-09,4527.581
2013-10-10,7505.998
2013-10-11,13354.284000000003
2013-10-12,7599.578000000001
2013-10-13,3279.4649999999997
2013-10-14,3066.9060000000004
2013-10-15,2779.0029999999983
2013-10-16,3675.980999999999
2013-10-17,2543.4320000000002
2013-10-18,3473.987999999998
2013-10-19,4106.326000000001
2013-10-20,3133.5190000000002
2013-10-21,2249.302
2013-10-22,2535.5580000000004
2013-10-23,2939.9770000000008
2013-10-24,2175.602
2013-10-25,3534.108999999999
2013-10-26,4335.011
2013-10-27,3207.0859999999993
2013-10-28,2424.9570000000003
2013-10-29,2534.2749999999996
2013-10-30,3172.0120000000006
2013-10-31,2828.888000000001
2013-11-01,4839.816
2013-11-02,5862.62
2013-11-03,3287.657
2013-11-04,2544.179
2013-11-05,2573.211999999999
2013-11-06,3063.4999999999995
2013-11-07,2473.625
2013-11-08,4155.788999999997
2013-11-09,4397.922000000001
2013-11-10,2839.2779999999993
2013-11-11,2772.1399999999994
2013-11-12,2369.1969999999997
2013-11-13,3238.406000000001
2013-11-14,2499.5769999999984
2013-11-15,3746.0919999999996
2013-11-16,4453.530000000001
2013-11-17,3192.8390000000004
2013-11-18,2884.0950000000003
2013-11-19,2383.519999999999
2013-11-20,2506.692
2013-11-21,2505.316
2013-11-22,3563.4159999999997
2013-11-23,4758.269
2013-11-24,3145.9100000000003
2013-11-25,2949.885000000001
2013-11-26,2342.057
2013-11-27,3304.177999999999
2013-11-28,2576.6040000000003
2013-11-29,3726.1670000000004
2013-11-30,4624.197
2013-12-01,3563.7000000000003
2013-12-02,3346.879
2013-12-03,2732.5199999999995
2013-12-04,3023.2239999999993
2013-12-05,2849.7669999999994
2013-12-06,4550.005000000002
2013-12-07,4288.0250000000015
2013-12-08,3219.040000000001
2013-12-09,2699.5120000000006
2013-12-10,2878.482
2013-12-11,3685.7850000000003
2013-12-12,3049.372
2013-12-13,4738.372000000001
2013-12-14,5384.866999999999
2013-12-15,4956.262999999999
2013-12-16,4032.181
2013-12-17,4782.680999999996
2013-12-18,5425.802
2013-12-19,4391.033000000001
2013-12-20,6366.631000000001
2013-12-21,8268.042
2013-12-22,6871.044999999999
2013-12-23,7505.629
2013-12-24,8002.623
2013-12-26,16904.571000000004
2013-12-27,21197.248000000003
2013-12-28,26539.181999999993
2013-12-29,20677.812
2013-12-30,23676.473999999987
2013-12-31,17884.918999999994
2014-01-01,4992.5344
2014-01-02,12759.372999999994
2014-01-03,11891.4121
2014-01-04,12188.294999999996
2014-01-05,6063.279000000004
2014-01-06,5737.079999999998
2014-01-07,5298.153000000004
2014-01-08,7274.901899999997
2014-01-09,5761.566
2014-01-10,8347.6272
2014-01-11,12388.785
2014-01-12,6684.195000000001
2014-01-13,4892.072
2014-01-14,4700.5679999999975
2014-01-15,6777.721999999999
2014-01-16,5273.612000000001
2014-01-17,8937.301000000001
2014-01-18,11057.544999999996
2014-01-19,5562.1309999999985
2014-01-20,4943.134000000001
2014-01-21,4811.367999999998
2014-01-22,6697.564300000002
2014-01-23,5104.603000000002
2014-01-24,9176.119099999996
2014-01-25,11993.363999999989
2014-01-26,5792.492999999998
2014-01-27,5383.379999999999
2014-01-28,4215.8099999999995
2014-01-29,6604.229699999996
2014-01-30,4779.515999999998
2014-01-31,9686.727499999995
2014-02-01,10388.385
2014-02-02,4587.623
2014-02-03,4136.137999999999
2014-02-04,3933.2440000000006
2014-02-05,4621.032000000001
2014-02-06,4357.301
2014-02-07,8002.842899999999
2014-02-08,10522.059000000001
2014-02-09,4718.775999999999
2014-02-10,4061.781
2014-02-11,3540.081999999999
2014-02-12,4070.3180000000016
2014-02-13,4395.443999999999
2014-02-14,7549.411699999998
2014-02-15,9625.975999999999
2014-02-16,4729.269000000003
2014-02-17,4446.063
2014-02-18,3265.8940000000007
2014-02-19,3944.95
2014-02-20,3963.841000000001
2014-02-21,4801.293899999999
2014-02-22,4949.467999999999
2014-02-23,2928.433
2014-02-24,3834.7470000000003
2014-02-25,4048.099
2014-02-26,5743.321000000003
2014-02-27,7151.157999999999
2014-02-28,14902.072200000002
2014-03-01,34928.13200000003
2014-03-02,21898.207
2014-03-03,16102.429
2014-03-04,8660.666999999996
2014-03-05,10946.691300000002
2014-03-06,7895.8719999999985
2014-03-07,10935.790400000004
2014-03-08,10853.206000000006
2014-03-09,6077.579000000001
2014-03-10,6698.134999999997
2014-03-11,5874.6619999999975
2014-03-12,8209.390900000002
2014-03-13,6241.175999999997
2014-03-14,10629.930199999999
2014-03-15,13383.705000000007
2014-03-16,6332.693000000001
2014-03-17,7281.482000000001
2014-03-18,6326.751000000001
2014-03-19,8861.016699999995
2014-03-20,7824.289000000002
2014-03-21,12392.457399999996
2014-03-22,14438.231999999998
2014-03-23,6892.739999999999
2014-03-24,8014.160000000002
2014-03-25,5771.966000000001
2014-03-26,8012.8528
2014-03-27,8209.076000000003
2014-03-28,11834.986799999993
2014-03-29,14392.371
2014-03-30,6079.791999999997
2014-03-31,7910.830999999996
2014-04-01,4583.7350000000015
2014-04-02,5128.431
2014-04-03,5570.789
2014-04-04,8780.992
2014-04-05,10522.154999999997
2014-04-06,4832.392
2014-04-07,4828.986000000001
2014-04-08,4574.025000000001
2014-04-09,4999.848999999998
2014-04-10,5412.700000000001
2014-04-11,9025.951299999999
2014-04-12,10066.248
2014-04-13,4961.949000000004
2014-04-14,5822.693000000001
2014-04-15,5849.8139999999985
2014-04-16,8214.04
2014-04-17,11789.867000000002
2014-04-18,15638.5951
2014-04-19,10963.382000000001
2014-04-20,4391.843
2014-04-21,4247.776999999998
2014-04-22,3369.573999999999
2014-04-23,3998.3509999999997
2014-04-24,3730.6449999999995
2014-04-25,5279.9920999999995
2014-04-26,7329.036000000002
2014-04-27,3612.2610000000004
2014-04-28,3335.595000000001
2014-04-29,3016.6489999999985
2014-04-30,4168.513
2014-05-01,5783.876999999999
2014-05-02,5534.3330000000005
2014-05-03,6813.689
2014-05-04,3886.2050000000013
2014-05-05,2911.1859999999992
2014-05-06,3147.905999999999
2014-05-07,3294.449000000001
2014-05-08,3037.895
2014-05-09,3539.5372999999995
2014-05-10,4593.768000000002
2014-05-11,3232.2260000000006
2014-05-12,2650.9490000000014
2014-05-13,2661.649000000001
2014-05-14,3717.232000000001
2014-05-15,2591.095
2014-05-16,3950.749200000001
2014-05-17,6005.4540000000015
2014-05-18,3267.242
2014-05-19,3082.691999999999
2014-05-20,2685.407000000001
2014-05-21,3558.2430000000013
2014-05-22,3123.5750000000003
2014-05-23,4478.6253000000015
2014-05-24,5681.892999999999
2014-05-25,3591.3180000000007
2014-05-26,2766.671999999999
2014-05-27,2702.3450000000003
2014-05-28,3392.9680000000008
2014-05-29,2708.1170000000006
2014-05-30,4285.085499999999
2014-05-31,5643.810000000001
2014-06-01,4186.918999999998
2014-06-02,3644.3740000000003
2014-06-03,2962.7960000000007
2014-06-04,4368.919
2014-06-05,2828.652
2014-06-06,3984.3528000000015
2014-06-07,5171.051999999999
2014-06-08,3758.8899999999994
2014-06-09,3367.705
2014-06-10,2710.8949999999995
2014-06-11,3139.0379999999996
2014-06-12,2907.0450000000005
2014-06-13,3724.0715999999993
2014-06-14,5109.5019999999995
2014-06-15,3026.6979999999994
2014-06-16,3312.2439999999997
2014-06-17,2762.1499999999987
2014-06-18,3242.2270000000003
2014-06-19,2638.0949999999993
2014-06-20,4391.482999999998
2014-06-21,5871.041000000003
2014-06-22,3484.4260000000004
2014-06-23,3404.8210000000017
2014-06-24,2414.4620000000004
2014-06-25,3740.217
2014-06-26,2974.1760000000004
2014-06-27,4499.302000000001
2014-06-28,4673.849999999999
2014-06-29,3958.2500000000005
2014-06-30,3271.6449999999995
2014-07-01,4972.104000000003
2014-07-02,7391.900000000007
2014-07-03,4701.165000000004
2014-07-04,6547.5449999999955
2014-07-05,7948.883000000002
2014-07-06,5575.423999999997
2014-07-07,5280.787999999996
2014-07-08,4353.603
2014-07-09,5694.695999999998
2014-07-10,4953.2519999999995
2014-07-11,6146.955999999999
2014-07-12,8138.652999999998
2014-07-13,5252.054
2014-07-14,5437.205000000001
2014-07-15,5005.519000000001
2014-07-16,6404.5869999999995
2014-07-17,4604.86
2014-07-18,6570.004
2014-07-19,8074.4299999999985
2014-07-20,5139.264999999999
2014-07-21,4812.931999999997
2014-07-22,4122.614999999999
2014-07-23,6261.965000000002
2014-07-24,6366.085999999996
2014-07-25,15170.359999999993
2014-07-26,10691.604999999996
2014-07-27,6158.332999999995
2014-07-28,6025.680000000002
2014-07-29,4767.784000000001
2014-07-30,6233.090200000001
2014-07-31,5228.599999999998
2014-08-01,6203.116000000001
2014-08-02,6854.202
2014-08-03,4637.404999999999
2014-08-04,4502.272000000002
2014-08-05,3472.625999999999
2014-08-06,4268.136
2014-08-07,4179.770000000001
2014-08-08,6449.115999999998
2014-08-09,6958.163999999999
2014-08-10,4046.422
2014-08-11,5052.007
2014-08-12,3481.784
2014-08-13,3883.3989999999994
2014-08-14,4020.1489999999994
2014-08-15,5771.327000000004
2014-08-16,7037.422999999997
2014-08-17,4299.186
2014-08-18,4472.709
2014-08-19,3511.277
2014-08-20,5001.675
2014-08-21,3127.842000000001
2014-08-22,5886.706000000001
2014-08-23,7141.076000000001
2014-08-24,4019.4420000000005
2014-08-25,3730.4570000000003
2014-08-26,3291.631999999999
2014-08-27,3867.3439999999996
2014-08-28,3046.024000000001
2014-08-29,4163.794000000001
2014-08-30,5320.767
2014-08-31,3767.639
2014-09-01,5851.5909999999985
2014-09-02,4570.810000000002
2014-09-03,6379.1309999999985
2014-09-04,4208.532000000003
2014-09-05,6513.469999999999
2014-09-06,7028.423999999996
2014-09-07,5416.163999999998
2014-09-08,4292.778
2014-09-09,4066.6230000000005
2014-09-10,5488.038999999999
2014-09-11,3408.1160000000004
2014-09-12,6328.351999999999
2014-09-13,7913.615000000002
2014-09-14,4657.770999999999
2014-09-15,4620.654999999999
2014-09-16,4542.771000000001
2014-09-17,5552.2789999999995
2014-09-18,3950.458
2014-09-19,6114.246000000001
2014-09-20,7129.411
2014-09-21,4702.731000000002
2014-09-22,4257.1990000000005
2014-09-23,3462.5450000000005
2014-09-24,5292.165000000004
2014-09-25,3915.6630000000023
2014-09-26,5169.210000000004
2014-09-27,7468.850999999997
2014-09-28,5611.903
2014-09-29,4892.7970000000005
2014-09-30,4979.975
2014-10-01,7277.0560000000005
2014-10-02,6824.340000000003
2014-10-03,8912.555999999991
2014-10-04,9639.815999999999
2014-10-05,6663.771999999999
2014-10-06,6302.079000000003
2014-10-07,5284.493999999996
2014-10-08,8498.779000000004
2014-10-09,12497.640000000009
2014-10-10,19175.692000000003
2014-10-11,12171.436000000005
2014-10-12,5806.838999999998
2014-10-13,4886.847999999995
2014-10-14,3864.686999999999
2014-10-15,5919.797
2014-10-16,4976.642999999999
2014-10-17,5400.145000000001
2014-10-18,6563.020999999995
2014-10-19,4756.994999999998
2014-10-20,4286.294000000001
2014-10-21,3631.2520000000013
2014-10-22,6030.957
2014-10-23,4270.943000000003
2014-10-24,5638.984000000002
2014-10-25,6270.139999999998
2014-10-26,5336.217000000002
2014-10-27,4588.826
2014-10-28,4171.286999999999
2014-10-29,5457.05
2014-10-30,5200.809
2014-10-31,10991.756000000003
2014-11-01,18893.027000000006
2014-11-02,10110.137
2014-11-03,5748.776
2014-11-04,3955.3179999999993
2014-11-05,5595.522000000003
2014-11-06,4203.516000000001
2014-11-07,6310.743999999996
2014-11-08,6517.648999999998
2014-11-09,4897.970999999997
2014-11-10,4878.068000000002
2014-11-11,3832.6229999999996
2014-11-12,5049.777000000004
2014-11-13,4077.054000000001
2014-11-14,5659.144999999995
2014-11-15,6800.780999999999
2014-11-16,5138.597999999998
2014-11-17,4201.633999999998
2014-11-18,4281.181999999998
2014-11-19,5575.404999999999
2014-11-20,4190.1990000000005
2014-11-21,6338.771999999999
2014-11-22,6862.454999999997
2014-11-23,5601.201
2014-11-24,4509.3730000000005
2014-11-25,4126.333000000001
2014-11-26,5660.111999999999
2014-11-27,4496.421999999997
2014-11-28,6307.8189999999995
2014-11-29,7651.547999999999
2014-11-30,5938.151000000002
2014-12-01,5819.497
2014-12-02,4458.774000000003
2014-12-03,6582.488
2014-12-04,4601.283000000005
2014-12-05,5774.6309999999985
2014-12-06,6754.938999999997
2014-12-07,5374.055
2014-12-08,4638.311
2014-12-09,4524.892999999998
2014-12-10,6572.157800000004
2014-12-11,4866.153
2014-12-12,7624.817999999999
2014-12-13,7136.825000000001
2014-12-14,6593.855000000003
2014-12-15,5660.995000000002
2014-12-16,5718.743000000002
2014-12-17,7941.899999999996
2014-12-18,5762.024000000001
2014-12-19,8840.636999999993
2014-12-20,9662.044
2014-12-21,8704.712999999994
2014-12-22,9595.42
2014-12-23,11912.399000000001
2014-12-24,12750.022999999997
2014-12-26,34044.99500000001
2014-12-27,31033.91599999998
2014-12-28,22137.994999999995
2014-12-29,30488.513000000006
2014-12-30,34706.02400000002
2014-12-31,34619.439999999995
2015-01-01,12773.617
2015-01-02,22363.274999999994
2015-01-03,14651.855999999996
2015-01-04,5821.594000000003
2015-01-05,6211.349000000003
2015-01-06,4709.6140000000005
2015-01-07,5183.707
2015-01-08,4487.39
2015-01-09,6610.667000000003
2015-01-10,6991.901000000002
2015-01-11,4397.259
2015-01-12,4205.081
2015-01-13,3605.048
2015-01-14,4512.623000000001
2015-01-15,3744.219999999999
2015-01-16,6516.574000000002
2015-01-17,8992.019000000002
2015-01-18,4530.566
2015-01-19,4163.724
2015-01-20,3970.5640000000003
2015-01-21,5156.277000000004
2015-01-22,3748.552999999999
2015-01-23,7431.03
2015-01-24,9319.375
2015-01-25,4911.051999999998
2015-01-26,3457.930000000001
2015-01-27,3825.260999999999
2015-01-28,3916.642000000001
2015-01-29,4241.332
2015-01-30,6973.422000000001
2015-01-31,10518.114999999998
2015-02-01,5446.243
2015-02-02,4718.385
2015-02-03,4205.465
2015-02-04,5085.701
2015-02-05,4192.316999999999
2015-02-06,7869.254999999999
2015-02-07,10579.314000000002
2015-02-08,5883.868999999999
2015-02-09,5006.771000000001
2015-02-10,5216.765
2015-02-11,6633.554999999999
2015-02-12,7675.150000000001
2015-02-13,16887.578999999998
2015-02-14,24057.371999999996
2015-02-15,16867.014
2015-02-16,12482.521
2015-02-17,5627.044
2015-02-18,7509.191
2015-02-19,5474.101
2015-02-20,7615.416999999999
2015-02-21,7312.138999999999
2015-02-22,4737.936999999998
2015-02-23,3610.6459999999997
2015-02-24,3750.8779999999992
2015-02-25,4881.237
2015-02-26,3703.716
2015-02-27,8293.823999999999
2015-02-28,9960.460999999998
2015-03-01,6085.945
2015-03-02,6202.304000000002
2015-03-03,4954.224999999999
2015-03-04,5804.138999999999
2015-03-05,5637.755
2015-03-06,10180.553999999996
2015-03-07,11983.560999999994
2015-03-08,6004.776
2015-03-09,5407.098999999999
2015-03-10,5468.834000000001
2015-03-11,5671.075000000001
2015-03-12,5990.353
2015-03-13,9923.887999999999
2015-03-14,10965.612
2015-03-15,6220.803999999999
2015-03-16,5591.653
2015-03-17,4831.370999999999
2015-03-18,5362.230000000001
2015-03-19,5554.840000000003
2015-03-20,9722.615
2015-03-21,11349.565000000002
2015-03-22,5964.224000000002
2015-03-23,6247.9169999999995
2015-03-24,5022.435000000001
2015-03-25,5487.131000000001
2015-03-26,5887.815999999999
2015-03-27,10501.246999999998
2015-03-28,11446.765999999994
2015-03-29,5965.686
2015-03-30,6175.027
2015-03-31,6126.833
2015-04-01,9943.423
2015-04-02,14082.778000000004
2015-04-03,18412.20299999999
2015-04-04,13262.939999999999
2015-04-05,4861.785000000001
2015-04-06,5465.028
2015-04-07,5395.843000000001
2015-04-08,5349.485
2015-04-09,5188.491000000002
2015-04-10,9081.28
2015-04-11,9778.328999999998
2015-04-12,4949.514000000002
2015-04-13,5351.047000000002
2015-04-14,4242.604
2015-04-15,5357.953
2015-04-16,4832.353000000001
2015-04-17,9085.044000000002
2015-04-18,10086.321999999993
2015-04-19,4536.087999999999
2015-04-20,4878.414
2015-04-21,4204.4349999999995
2015-04-22,4705.0909999999985
2015-04-23,4613.593
2015-04-24,8428.099000000002
2015-04-25,10759.472
2015-04-26,5230.671999999999
2015-04-27,4350.584999999999
2015-04-28,3785.5260000000003
2015-04-29,6052.3690000000015
2015-04-30,8921.054
2015-05-01,18413.488000000005
2015-05-02,11367.190999999999
2015-05-03,4642.159
2015-05-04,4076.148
2015-05-05,3724.9760000000006
2015-05-06,4252.4169999999995
2015-05-07,3613.797999999999
2015-05-08,4852.759
2015-05-09,5703.231
2015-05-10,3734.9380000000006
2015-05-11,3694.507
2015-05-12,3448.292000000001
2015-05-13,4093.867
2015-05-14,3823.008999999999
2015-05-15,5290.998
2015-05-16,6071.152000000002
2015-05-17,4560.782
2015-05-18,3637.493
2015-05-19,3226.471
2015-05-20,3944.087
2015-05-21,4011.3590000000004
2015-05-22,5150.733999999999
2015-05-23,6195.249999999997
2015-05-24,4554.655
2015-05-25,3769.2070000000003
2015-05-26,3675.074
2015-05-27,4178.127000000001
2015-05-28,3501.3450000000007
2015-05-29,6252.492999999998
2015-05-30,7902.739000000001
2015-05-31,5893.445000000001
2015-06-01,4835.403
2015-06-02,5160.379000000003
2015-06-03,7124.3229999999985
2015-06-04,5034.372999999998
2015-06-05,6439.143000000002
2015-06-06,7500.832999999999
2015-06-07,6320.235
2015-06-08,5911.974
2015-06-09,4369.434000000003
2015-06-10,6292.879
2015-06-11,4500.7440000000015
2015-06-12,6894.948999999999
2015-06-13,7815.154999999993
2015-06-14,6282.871
2015-06-15,5609.551000000001
2015-06-16,4354.502999999998
2015-06-17,6801.877000000001
2015-06-18,4422.941999999999
2015-06-19,7216.667000000005
2015-06-20,7586.546
2015-06-21,5906.775999999999
2015-06-22,6190.801999999999
2015-06-23,5258.633999999999
2015-06-24,5632.186000000001
2015-06-25,4723.654999999998
2015-06-26,6850.407
2015-06-27,8478.060000000007
2015-06-28,5624.860999999998
2015-06-29,4909.229
2015-06-30,5225.234999999998
2015-07-01,7416.052999999994
2015-07-02,4699.267000000001
2015-07-03,8222.993000000002
2015-07-04,10260.679000000002
2015-07-05,8503.830000000002
2015-07-06,6839.772000000001
2015-07-07,5390.577
2015-07-08,7264.349000000005
2015-07-09,4955.789999999999
2015-07-10,7270.071999999996
2015-07-11,7097.684999999996
2015-07-12,7330.395000000002
2015-07-13,5250.285
2015-07-14,4822.164999999999
2015-07-15,6621.930999999998
2015-07-16,4787.817
2015-07-17,7900.513
2015-07-18,9074.231000000003
2015-07-19,6633.604999999998
2015-07-20,5406.419999999996
2015-07-21,5541.749
2015-07-22,6947.646000000003
2015-07-23,6069.016999999996
2015-07-24,8670.071000000005
2015-07-25,9694.055999999999
2015-07-26,6580.04
2015-07-27,6225.122000000003
2015-07-28,5494.145
2015-07-29,6683.398999999998
2015-07-30,5125.279000000001
2015-07-31,8472.172
2015-08-01,11353.155
2015-08-02,8084.883000000001
2015-08-03,7713.131999999999
2015-08-04,6855.006000000001
2015-08-05,8618.272000000004
2015-08-06,5933.621999999999
2015-08-07,13066.048999999988
2015-08-08,22199.616000000005
2015-08-09,14191.605999999998
2015-08-10,8180.9360000000015
2015-08-11,7869.765999999999
2015-08-12,8376.553000000004
2015-08-13,5898.416000000002
2015-08-14,6523.81
2015-08-15,9533.637000000008
2015-08-16,7371.584000000003
2015-08-17,5664.721
2015-08-18,5325.753000000001
2015-08-19,7673.280999999998
2015-08-20,5807.094000000003
2015-08-21,8313.731000000002
2015-08-22,9222.062999999996
2015-08-23,6900.706000000002
2015-08-24,5676.559000000001
2015-08-25,4701.312
2015-08-26,6343.282000000003
2015-08-27,4846.257999999999
2015-08-28,6924.230000000001
2015-08-29,7977.508000000002
2015-08-30,5428.198000000001
2015-08-31,5139.538000000004
2015-09-01,5272.079
2015-09-02,8019.967
2015-09-03,4467.2440000000015
2015-09-04,6475.369999999995
2015-09-05,7658.166
2015-09-06,5238.618000000003
2015-09-07,4706.454999999998
2015-09-08,5211.730000000001
2015-09-09,6346.252000000001
2015-09-10,4816.217000000005
2015-09-11,5923.517999999998
2015-09-12,7647.892000000001
2015-09-13,5363.772000000004
2015-09-14,4698.773999999998
2015-09-15,4388.979
2015-09-16,6587.351
2015-09-17,4742.413000000001
2015-09-18,6836.714999999995
2015-09-19,6910.496000000002
2015-09-20,4936.276000000002
2015-09-21,5369.506999999998
2015-09-22,3889.5839999999966
2015-09-23,6509.261000000002
2015-09-24,4722.558000000002
2015-09-25,6896.822999999997
2015-09-26,7285.917000000002
2015-09-27,5361.509
2015-09-28,4686.375999999998
2015-09-29,4024.486
2015-09-30,5690.733
2015-10-01,5993.6709999999985
2015-10-02,8573.409999999998
2015-10-03,9365.102999999994
2015-10-04,7485.016000000001
2015-10-05,7087.920999999999
2015-10-06,5972.272000000004
2015-10-07,9784.441
2015-10-08,12436.447000000006
2015-10-09,21424.753999999997
2015-10-10,13443.005999999996
2015-10-11,6869.1709999999985
2015-10-12,5660.8
2015-10-13,4581.018999999999
2015-10-14,6235.495999999999
2015-10-15,5188.8039999999955
2015-10-16,6928.162000000001
2015-10-17,7212.427
2015-10-18,5146.756999999998
2015-10-19,4891.266
2015-10-20,4550.372
2015-10-21,6411.509999999998
2015-10-22,4298.5109999999995
2015-10-23,6343.287999999998
2015-10-24,6156.0909999999985
2015-10-25,5064.256999999997
2015-10-26,5167.586000000003
2015-10-27,4942.004
2015-10-28,7230.571
2015-10-29,6308.0570000000025
2015-10-30,12851.464000000005
2015-10-31,23558.58
2015-11-01,19825.304999999997
2015-11-02,11690.558000000008
2015-11-03,7971.8949999999995
2015-11-04,7384.849
2015-11-05,4630.186
2015-11-06,6010.284000000001
2015-11-07,6584.402999999996
2015-11-08,4987.012999999998
2015-11-09,4610.131000000001
2015-11-10,3190.0130000000013
2015-11-11,6812.046
2015-11-12,4634.869999999998
2015-11-13,6339.4209999999985
2015-11-14,7006.485000000003
2015-11-15,6374.251999999999
2015-11-16,5206.024000000001
2015-11-17,4345.759000000001
2015-11-18,5905.397000000001
2015-11-19,4142.005000000001
2015-11-20,5950.3070000000025
2015-11-21,6563.186000000003
2015-11-22,5219.792000000002
2015-11-23,5607.487999999998
2015-11-24,4858.728
2015-11-25,6394.094999999995
2015-11-26,4494.399000000001
2015-11-27,7371.572999999997
2015-11-28,7556.852999999996
2015-11-29,5558.514000000002
2015-11-30,6309.418000000001
2015-12-01,5786.472999999999
2015-12-02,8047.459000000001
2015-12-03,5688.694000000001
2015-12-04,7221.895999999999
2015-12-05,6532.149999999998
2015-12-06,6966.795999999996
2015-12-07,5510.705999999999
2015-12-08,5077.241
2015-12-09,7326.121000000001
2015-12-10,4924.767
2015-12-11,7214.434999999999
2015-12-12,7333.945999999995
2015-12-13,7185.628000000003
2015-12-14,5789.618000000001
2015-12-15,7628.962000000003
2015-12-16,7701.773000000001
2015-12-17,5938.715999999999
2015-12-18,10296.063000000004
2015-12-19,9736.292999999996
2015-12-20,7560.921000000001
2015-12-21,8094.054000000003
2015-12-22,9545.353000000005
2015-12-23,12284.628999999997
2015-12-24,10590.874999999996
2015-12-26,25963.39100000001
2015-12-27,21101.115
2015-12-28,21941.240000000013
2015-12-29,26573.975000000017
2015-12-30,35315.07899999999
2015-12-31,34061.51900000002
2016-01-01,16433.394000000008
2016-01-02,19655.150000000005
2016-01-03,9011.891
2016-01-04,8681.174
2016-01-05,6518.812000000004
2016-01-06,8925.823
2016-01-07,5742.917999999998
2016-01-08,8860.780999999997
2016-01-09,10407.142
2016-01-10,7172.088
2016-01-11,6191.655000000004
2016-01-12,4420.095000000002
2016-01-13,7029.800999999999
2016-01-14,4666.067999999998
2016-01-15,9677.274999999996
2016-01-16,11817.341999999999
2016-01-17,6549.9479999999985
2016-01-18,6563.806000000003
2016-01-19,5156.435999999998
2016-01-20,7015.622999999999
2016-01-21,5355.853
2016-01-22,10370.341999999995
2016-01-23,10677.37100000001
2016-01-24,6365.367999999997
2016-01-25,5935.524000000002
2016-01-26,5167.964000000002
2016-01-27,7300.490999999998
2016-01-28,5716.472
2016-01-29,9032.304
2016-01-30,12358.511000000004
2016-01-31,7686.001000000001
2016-02-01,7406.889000000001
2016-02-02,7530.1500000000015
2016-02-03,11287.382
2016-02-04,12253.939999999993
2016-02-05,27208.098000000013
2016-02-06,37484.33999999997
2016-02-07,27994.232000000004
2016-02-08,18360.07099999999
2016-02-09,8176.901999999999
2016-02-10,13307.187
2016-02-11,9354.355000000003
2016-02-12,12057.813
2016-02-13,12327.811000000005
2016-02-14,6722.030999999998
2016-02-15,6940.960000000002
2016-02-16,6252.141000000004
2016-02-17,9409.167999999998
2016-02-18,7849.205000000001
2016-02-19,13121.048000000003
2016-02-20,15408.241
2016-02-21,7286.227000000003
2016-02-22,8614.079000000003
2016-02-23,5900.234000000001
2016-02-24,7911.554999999998
2016-02-25,7216.188
2016-02-26,13332.157000000005
2016-02-27,14377.847000000003
2016-02-28,8584.684999999998
2016-02-29,6825.370000000003
2016-03-01,8175.59
2016-03-02,9866.874
2016-03-03,7472.913000000001
2016-03-04,15339.916
2016-03-05,15035.799
2016-03-06,7836.027999999997
2016-03-07,7543.021999999998
2016-03-08,7065.478
2016-03-09,9431.355000000009
2016-03-10,7140.754000000001
2016-03-11,13300.000000000004
2016-03-12,15151.860000000006
2016-03-13,7242.147000000002
2016-03-14,8160.498000000001
2016-03-15,6322.479
2016-03-16,10472.747
2016-03-17,7532.356999999996
2016-03-18,13668.854
2016-03-19,15639.259000000002
2016-03-20,8797.522
2016-03-21,9966.167999999996
2016-03-22,9048.294
2016-03-23,15198.373999999996
2016-03-24,19885.867000000017
2016-03-25,24080.43799999999
2016-03-26,16996.028
2016-03-27,7757.062000000005
2016-03-28,7777.735999999997
2016-03-29,6996.469999999999
2016-03-30,8122.929000000002
2016-03-31,7103.982999999994
2016-04-01,14881.963000000005
2016-04-02,13809.385000000004
2016-04-03,7916.978999999995
2016-04-04,7650.376000000001
2016-04-05,6034.067
2016-04-06,9010.196999999996
2016-04-07,6490.371999999999
2016-04-08,12750.254
2016-04-09,14467.329000000003
2016-04-10,7687.115999999997
2016-04-11,6819.403000000001
2016-04-12,6123.242999999997
2016-04-13,8806.325999999997
2016-04-14,6414.112000000004
2016-04-15,11861.461000000007
2016-04-16,11937.990999999993
2016-04-17,9686.042999999994
2016-04-18,7380.533000000003
2016-04-19,6137.278999999998
2016-04-20,7748.197000000004
2016-04-21,7214.406000000001
2016-04-22,8557.765000000001
2016-04-23,7780.396000000003
2016-04-24,4624.9619999999995
2016-04-25,5288.097
2016-04-26,4061.4810000000007
2016-04-27,6476.471999999996
2016-04-28,5060.113999999999
2016-04-29,8335.856999999998
2016-04-30,8482.821000000004
2016-05-01,5934.775000000004
2016-05-02,5260.052000000004
2016-05-03,4745.195000000001
2016-05-04,6564.197000000002
2016-05-05,4935.668999999999
2016-05-06,6336.359
2016-05-07,7662.196999999997
2016-05-08,5172.543
2016-05-09,5088.822999999999
2016-05-10,4360.955
2016-05-11,6119.013000000002
2016-05-12,4168.817000000002
2016-05-13,6513.507999999998
2016-05-14,7953.035999999999
2016-05-15,5924.269000000002
2016-05-16,5120.449000000003
2016-05-17,4443.239000000001
2016-05-18,6032.886
2016-05-19,4320.008999999998
2016-05-20,6703.508000000004
2016-05-21,7537.172999999999
2016-05-22,5315.027999999999
2016-05-23,4750.378999999998
2016-05-24,3801.3680000000018
2016-05-25,6488.141999999998
2016-05-26,9077.210000000001
2016-05-27,21298.717999999997
2016-05-28,11666.416000000003
2016-05-29,6704.5149999999985
2016-05-30,4764.556
2016-05-31,5293.123999999999
2016-06-01,6324.957000000001
2016-06-02,4554.596000000001
2016-06-03,6737.554999999997
2016-06-04,6663.330000000001
2016-06-05,5532.392999999999
2016-06-06,4293.141
2016-06-07,3846.388999999999
2016-06-08,5975.208999999997
2016-06-09,3601.6059999999998
2016-06-10,7042.030999999996
2016-06-11,6836.6500000000015
2016-06-12,6458.740999999995
2016-06-13,5387.854999999997
2016-06-14,4195.180999999997
2016-06-15,6380.344000000003
2016-06-16,4514.810999999999
2016-06-17,6247.541000000001
2016-06-18,7211.335
2016-06-19,5287.0960000000005
2016-06-20,5070.324000000001
2016-06-21,4877.158000000004
2016-06-22,6555.217999999998
2016-06-23,4541.482
2016-06-24,6647.297999999999
2016-06-25,7969.812000000002
2016-06-26,5810.907000000005
2016-06-27,5461.461
2016-06-28,4703.683
2016-06-29,5967.920999999998
2016-06-30,4565.290000000001
2016-07-01,8772.897
2016-07-02,9866.114999999994
2016-07-03,6184.9749999999985
2016-07-04,5394.130999999997
2016-07-05,4362.747
2016-07-06,7114.346999999998
2016-07-07,5134.582999999994
2016-07-08,7797.4169999999995
2016-07-09,8766.912
2016-07-10,6014.313999999999
2016-07-11,5745.867999999997
2016-07-12,4760.347999999998
2016-07-13,6504.165999999998
2016-07-14,4994.294999999997
2016-07-15,7901.348000000003
2016-07-16,9084.042000000005
2016-07-17,6530.831000000001
2016-07-18,5741.082000000001
2016-07-19,4663.138999999999
2016-07-20,7789.1089999999995
2016-07-21,5157.161000000003
2016-07-22,9415.770999999999
2016-07-23,14689.719000000003
2016-07-24,9822.234000000008
2016-07-25,7389.7329999999965
2016-07-26,5572.8279999999995
2016-07-27,7377.021999999999
2016-07-28,5269.32
2016-07-29,8130.1079999999965
2016-07-30,9244.797000000002
2016-07-31,6857.016999999998
2016-08-01,7762.5520000000015
2016-08-02,6201.508000000001
2016-08-03,8145.409000000002
2016-08-04,6026.854000000001
2016-08-05,7928.059999999998
2016-08-06,9565.634000000005
2016-08-07,6780.014000000002
2016-08-08,7994.226999999998
2016-08-09,6670.234000000003
2016-08-10,9307.653000000002
2016-08-11,11377.121
2016-08-12,21941.202999999994
2016-08-13,15623.420000000004
2016-08-14,7680.781000000003
2016-08-15,7985.972999999998
2016-08-16,6576.031999999998
2016-08-17,7418.187999999997
2016-08-18,5667.6489999999985
2016-08-19,8460.814000000006
2016-08-20,7762.156
2016-08-21,6258.490000000001
2016-10-27,12941.325999999997
2016-10-28,10462.357000000004
2016-10-29,11619.293999999994
2016-10-30,10947.621999999996
2016-10-31,9869.398000000001
2016-11-01,13574.599999999999
2016-11-02,32651.703
2016-11-03,24650.160999999986
2016-11-04,19360.154000000006
2016-11-05,12954.021
2016-11-06,6514.647000000003
2016-11-07,8721.770999999997
2016-11-08,6871.637000000002
2016-11-09,8002.454000000006
2016-11-10,5462.212000000002
2016-11-11,6135.193
2016-11-12,8404.064000000002
2016-11-13,8203.670999999998
2016-11-14,5752.726000000002
2016-11-15,5110.567
2016-11-16,7619.198999999999
2016-11-17,4739.772000000001
2016-11-18,7269.016000000001
2016-11-19,8518.310999999996
2016-11-20,7063.8340000000035
2016-11-21,6065.914000000002
2016-11-22,5719.467999999997
2016-11-23,7105.343000000005
2016-11-24,4468.320999999999
2016-11-25,7813.781999999997
2016-11-26,7786.216999999997
2016-11-27,7136.6759999999995
2016-11-28,4793.775000000002
2016-11-29,4506.222000000001
2016-11-30,6577.060000000004
2016-12-01,6108.205
2016-12-02,7218.747000000002
2016-12-03,8504.643000000002
2016-12-04,7303.892999999997
2016-12-05,6212.892
2016-12-06,4549.988
2016-12-07,6967.851999999997
2016-12-08,4460.1100000000015
2016-12-09,6931.283
2016-12-10,8712.712000000001
2016-12-11,7032.873999999999
2016-12-12,6259.1970000000065
2016-12-13,5071.246
2016-12-14,8419.456000000002
2016-12-15,6427.977
2016-12-16,7783.861999999997
2016-12-17,9005.591999999997
2016-12-18,9726.076000000003
2016-12-19,7900.352
2016-12-20,7737.604000000004
2016-12-21,11219.789
2016-12-22,10551.818000000003
2016-12-23,13375.849
2016-12-24,12310.469000000001
2016-12-26,23082.845999999994
2016-12-27,22548.963999999993
2016-12-28,29750.09199999999
2016-12-29,28552.949999999975
2016-12-30,37096.791
2016-12-31,33025.686
2017-01-01,12082.500999999997
2017-01-02,12856.309
2017-01-03,10151.416000000001
2017-01-04,10568.077999999998
2017-01-05,7351.635000000001
2017-01-06,9722.868000000002
2017-01-07,11052.964
2017-01-08,8295.36
2017-01-09,6932.362
2017-01-10,6364.512
2017-01-11,8383.105000000005
2017-01-12,7099.904000000001
2017-01-13,11632.461000000003
2017-01-14,13588.311999999998
2017-01-15,8991.625
2017-01-16,7084.842000000001
2017-01-17,6431.415999999992
2017-01-18,8279.134000000004
2017-01-19,5918.672000000002
2017-01-20,11599.570999999998
2017-01-21,14074.426000000005
2017-01-22,8054.509000000004
2017-01-23,6924.589000000004
2017-01-24,5887.930999999999
2017-01-25,9533.676000000001
2017-01-26,6414.674999999997
2017-01-27,11353.972000000005
2017-01-28,15264.780999999994
2017-01-29,8448.480000000007
2017-01-30,6923.771000000005
2017-01-31,6281.362
2017-02-01,9877.273999999996
2017-02-02,7093.497000000002
2017-02-03,13212.331000000006
2017-02-04,16576.162000000004
2017-02-05,10882.528
2017-02-06,8014.849999999997
2017-02-07,6802.527999999996
2017-02-08,8069.781
2017-02-09,6856.564000000003
2017-02-10,13225.247000000008
2017-02-11,14601.694999999987
2017-02-12,8899.267000000003
2017-02-13,7797.629
2017-02-14,6514.6230000000005
2017-02-15,8088.502999999997
2017-02-16,6856.664000000002
2017-02-17,9003.296000000002
2017-02-18,8130.373000000004
2017-02-19,4863.748000000001
2017-02-20,7245.353
2017-02-21,7621.959999999999
2017-02-22,11326.29399999999
2017-02-23,11545.913999999995
2017-02-24,25383.199999999997
2017-02-25,39140.26699999997
2017-02-26,29087.077999999994
2017-02-27,20828.467000000004
2017-02-28,10656.864000000007
2017-03-01,14691.821000000002
2017-03-02,9113.609000000006
2017-03-03,14041.287000000004
2017-03-04,14373.133999999995
2017-03-05,8751.028000000004
2017-03-06,7048.105999999999
2017-03-07,6323.371000000001
2017-03-08,11219.707999999999
2017-03-09,8479.608
2017-03-10,15381.609000000004
2017-03-11,16584.107000000004
2017-03-12,9441.184999999998
2017-03-13,9900.159000000005
2017-03-14,8217.262000000002
2017-03-15,10426.070000000002
2017-03-16,8777.444
2017-03-17,16570.381999999994
2017-03-18,18478.05700000001
2017-03-19,11008.051000000001
2017-03-20,10310.952000000003
2017-03-21,8344.061000000002
2017-03-22,10856.835
2017-03-23,9581.080999999993
2017-03-24,14164.540999999997
2017-03-25,17197.756999999998
2017-03-26,9995.856000000002
2017-03-27,9180.594000000001
2017-03-28,7751.876
2017-03-29,10741.253000000002
2017-03-30,7158.393
2017-03-31,9798.199
2017-04-01,8789.744000000006
2017-04-02,6321.150999999999
2017-04-03,6960.9890000000005
2017-04-04,8184.950999999997
2017-04-05,9795.508
2017-04-06,8175.049999999999
2017-04-07,13914.561999999998
2017-04-08,15420.636999999992
2017-04-09,9419.062999999996
2017-04-10,10555.326
2017-04-11,7850.831000000001
2017-04-12,15192.106000000002
2017-04-13,20371.299999999996
2017-04-14,26392.459999999977
2017-04-15,16668.323000000004
2017-04-16,7611.327999999998
2017-04-17,7976.879999999998
2017-04-18,6403.613999999999
2017-04-19,8336.097
2017-04-20,7129.810000000001
2017-04-21,10865.469000000003
2017-04-22,10476.394000000002
2017-04-23,7392.180000000002
2017-04-24,7434.126000000003
2017-04-25,6003.299999999998
2017-04-26,8727.536000000006
2017-04-27,6103.55
2017-04-28,14215.286999999993
2017-04-29,20751.56100000001
2017-04-30,13538.39600000001
2017-05-01,9769.064999999997
2017-05-02,6343.2
2017-05-03,7816.164
2017-05-04,5121.199
2017-05-05,7487.156999999998
2017-05-06,8797.562999999998
2017-05-07,7948.228999999999
2017-05-08,5781.673000000002
2017-05-09,4995.789000000001
2017-05-10,7323.392999999998
2017-05-11,4833.9140000000025
2017-05-12,7797.838000000003
2017-05-13,8088.388000000002
2017-05-14,6564.868000000003
2017-05-15,6283.828
2017-05-16,5843.877999999997
2017-05-17,7466.619999999999
2017-05-18,4462.866999999999
2017-05-19,8148.928
2017-05-20,9188.676999999998
2017-05-21,7331.439000000003
2017-05-22,6684.426999999999
2017-05-23,5577.552999999996
2017-05-24,8485.195
2017-05-25,9317.677
2017-05-26,24358.378000000004
2017-05-27,14815.202999999994
2017-05-28,8687.681999999997
2017-05-29,6307.413
2017-05-30,5507.562
2017-05-31,8576.199999999997
2017-06-01,5678.6449999999995
2017-06-02,8513.75
2017-06-03,9753.867000000002
2017-06-04,7656.334999999999
2017-06-05,6086.760999999999
2017-06-06,5680.804
2017-06-07,7464.001000000001
2017-06-08,5316.011000000002
2017-06-09,8293.553999999995
2017-06-10,8761.535000000003
2017-06-11,7096.73
2017-06-12,5707.693000000001
2017-06-13,4738.162000000001
2017-06-14,6585.832999999999
2017-06-15,5642.495000000002
2017-06-16,7386.880999999998
2017-06-17,8904.658000000003
2017-06-18,6358.179999999997
2017-06-19,5983.206999999999
2017-06-20,5498.803999999998
2017-06-21,7716.0999999999985
2017-06-22,5254.673
2017-06-23,7451.055
2017-06-24,8053.527999999998
2017-06-25,7264.042999999999
2017-06-26,5743.3759999999975
2017-06-27,5381.766999999999
2017-06-28,7597.199999999998
2017-06-29,5617.192000000003
2017-06-30,7954.540000000001
2017-07-01,10672.455
2017-07-02,8452.497999999998
2017-07-03,7227.780000000003
2017-07-04,5232.484
2017-07-05,8283.117999999995
2017-07-06,6279.385
2017-07-07,8190.944000000003
2017-07-08,8497.889
2017-07-09,7384.9619999999995
2017-07-10,5537.374999999995
2017-07-11,4645.235
2017-07-12,7718.606999999998
2017-07-13,5951.397000000003
2017-07-14,8899.606000000002
2017-07-15,8805.529000000002
2017-07-16,7969.400000000002
2017-07-17,6412.521000000002
2017-07-18,6160.5369999999975
2017-07-19,8160.745999999996
2017-07-20,6636.8679999999995
2017-07-21,9902.249000000002
2017-07-22,14525.664000000002
2017-07-23,13027.800999999992
2017-07-24,7059.936000000001
2017-07-25,6433.769000000001
2017-07-26,8075.490000000001
2017-07-27,6189.676999999998
2017-07-28,8492.584000000003
2017-07-29,9580.302999999998
2017-07-30,8449.234
2017-07-31,7451.673000000002
2017-08-01,7937.217999999998
2017-08-02,10136.327
2017-08-03,6873.802000000004
2017-08-04,9276.889999999998
2017-08-05,9910.015
2017-08-06,8064.109000000003
2017-08-07,7527.347999999998
2017-08-08,6025.029000000001
2017-08-09,9707.857999999998
2017-08-10,10781.434000000001
2017-08-11,22800.840999999986
2017-08-12,15090.753
2017-08-13,8570.598000000005
2017-08-14,8244.854
2017-08-15,6522.787999999999
